title,content,image_url,source
Bocoran Tampilan Realme GT7 Pro dengan Snapdragon 8 Elite Baru,"Jagat maya dihebohkan belakangan dengan bocoran gambar smartphone terbaru Realme GT 7 Pro. Smartphone ini sebelumnhya digadang-gadang akan menjadi smartphone pertama di dunia yang membawa chipset baru dari qualcomm dengan snapdragon 8 elite.

Dari bocoran gambar smartphone ini akan punya 2 warna yaitu berwarna dasar abu abu dan orange. Dua varian warna ini terlihat elegan, khususnya pada varian warna orange yang juga membawa aksen seperti gelombang. Sekilas, bentuk dari smartphone ini terlihat mirip Xiaomi 14, dengan ciri khas bentuk kamera belakang yang mengotak.

Dari tampilan belakangnya dapat dipastikan bahwa smartphone ini akan membawa Hyperimage+ yang sebelumnya dibawa Realme 13 Pro + yang belum lama ini diluncurkan. Kalau benar, maka fitur ini akan dibawa ke seri yang lebih tinggi di seri GT. Buat kamera turut terlihat bahwa smartphone ini akan mampu mendukung fitur foto dengan zoom sampai 120 kali.


Jika benar, Realme GT 7 Pro tentu akan menjadi smartphone yang menarik untuk disimak. Tidak hanya ditenagai oleh chipset terbaru dan paling tinggi saaat ini, smartphone ini juga akan memboyong teknologi dan fitur fotografi yang tidak kalah berkualitas.

Di Indonesia sendiri Realme pada tahun ini telah membawa Realme GT6, tanpa varian pronya. Wajib ditunggu apakah smartphone ini akan dihadirkan Realme di pasar Indonesia.",https://assets.kompasiana.com/items/album/2024/10/23/whatsapp-image-2024-10-23-at-6718e81734777c6a485a0fb2.jpeg?t=o&v=770,https://www.kompasiana.com/keepintech/6718e8a234777c6e9d356213/bocoran-tampilan-realme-gt7-pro-dengan-snapdragon-8-elite-baru
7 Cara Ampuh Menghindari Baterai HP Meledak!,"Perkembangan teknologi yang serba canggih, smartphone telah menjadi bagian tak terpisahkan dari kehidupan sehari-hari. Dari bekerja, berkomunikasi, hingga menikmati hiburan, hampir semua aktivitas kini bisa dilakukan lewat perangkat ini. Namun, di balik kemudahan tersebut, ada risiko yang tidak bisa diabaikan: baterai HP meledak. Meskipun jarang terjadi, insiden seperti ini bisa berakibat fatal, baik bagi penggunanya maupun orang di sekitarnya. Baterai smartphone yang meledak umumnya disebabkan oleh beberapa faktor, seperti penggunaan charger yang tidak sesuai, overheating, hingga cacat produksi. Karena itu, penting bagi kita untuk memahami bagaimana cara merawat dan menggunakan baterai HP dengan benar agar risiko ini bisa diminimalisir. 

Sayangnya, masih banyak orang yang mengabaikan faktor keselamatan saat menggunakan ponsel mereka. Kebiasaan buruk seperti mencharge semalaman atau menggunakan HP saat sedang di-charge, bisa meningkatkan peluang terjadinya kerusakan pada baterai. Untuk menghindari hal-hal yang tidak diinginkan, ada beberapa cara ampuh yang bisa dilakukan agar baterai HP tetap aman dan terhindar dari bahaya meledak. Langkah-langkah ini sederhana namun sangat penting untuk diterapkan dalam kehidupan sehari-hari. Mari kita bahas 7 cara efektif untuk menghindari baterai HP meledak dan menjaga perangkat kesayangan Anda tetap aman.

1. Gunakan Charger yang Sesuai
Salah satu penyebab umum baterai meledak adalah penggunaan charger yang tidak sesuai atau berkualitas rendah. Setiap smartphone dirancang dengan spesifikasi daya tertentu, dan menggunakan charger yang tidak sesuai dengan standar tersebut dapat menyebabkan overheating atau kerusakan pada baterai. Oleh karena itu, sangat penting untuk selalu menggunakan charger asli atau yang telah disertifikasi oleh pabrikan.


Banyak pengguna sering kali tergoda untuk menggunakan charger murah yang dijual di pasaran, padahal ini bisa sangat berbahaya. Charger palsu biasanya tidak dilengkapi dengan komponen keamanan yang memadai, sehingga tidak mampu mengontrol aliran daya dengan baik. Ini menyebabkan baterai menerima daya yang tidak stabil, dan akhirnya merusak sel baterai dari dalam.

2. Jangan Gunakan HP Saat Sedang Di-charge
Menggunakan ponsel saat sedang di-charge adalah kebiasaan buruk yang harus dihindari. Saat HP sedang mengisi daya, arus listrik mengalir melalui baterai untuk mengisi ulang energinya. Ketika ponsel digunakan, terutama untuk aktivitas berat seperti bermain game atau streaming video, komponen ponsel seperti prosesor dan layar akan bekerja lebih keras dan menghasilkan panas tambahan. 


Kombinasi panas dari pengisian daya dan penggunaan intensif ini dapat menyebabkan suhu baterai meningkat, dan dalam kasus ekstrem, bisa memicu ledakan. Jika Anda merasa perlu menggunakan ponsel saat sedang di-charge, sebaiknya tunggu hingga daya baterai mencapai tingkat yang aman, seperti 50-60%, dan pastikan kondisi baterai tidak terlalu panas sebelum digunakan.

3. Hindari Overcharging
Meninggalkan ponsel di-charge semalaman atau dalam waktu yang terlalu lama adalah kebiasaan yang juga berpotensi merusak baterai. Meskipun sebagian besar ponsel pintar modern dilengkapi dengan teknologi untuk menghentikan pengisian daya saat baterai mencapai 100%, tetap saja ada risiko overheating. Baterai lithium-ion, yang umum digunakan di smartphone, memiliki batas usia yang dapat diperpendek jika terus menerus menerima daya meskipun sudah penuh. Untuk menghindari overcharging, pastikan untuk melepaskan charger setelah baterai mencapai kapasitas penuh. Menggunakan charger yang dilengkapi dengan fitur pemutus arus otomatis juga bisa menjadi solusi praktis.

4. Jaga Suhu Ponsel Tetap Stabil
Baterai ponsel sangat sensitif terhadap suhu. Baik terlalu panas maupun terlalu dingin dapat merusak baterai dan meningkatkan risiko ledakan. Overheating dapat terjadi karena berbagai alasan, seperti meninggalkan ponsel di bawah sinar matahari langsung atau menggunakannya untuk aktivitas berat dalam waktu yang lama. Untuk menjaga baterai tetap aman, usahakan agar ponsel Anda selalu berada dalam suhu ruangan yang stabil. Hindari meletakkan ponsel di tempat yang terpapar langsung sinar matahari atau menyimpannya di dalam mobil yang panas. Jika ponsel Anda mulai terasa panas, hentikan penggunaannya untuk sementara waktu dan biarkan suhunya kembali normal.

5. Jangan Gunakan Baterai yang Rusak atau Kembung
Baterai yang rusak atau kembung adalah tanda bahaya yang serius. Jika Anda melihat ada perubahan fisik pada baterai, seperti baterai yang mulai menggembung atau casing yang mulai terangkat, segera hentikan penggunaan ponsel dan ganti baterainya. Baterai yang kembung menandakan adanya reaksi kimia di dalamnya yang tidak normal, dan jika terus digunakan, dapat meledak atau terbakar. Baterai rusak juga bisa disebabkan oleh benturan atau kerusakan fisik lainnya. Jika ponsel Anda pernah terjatuh dengan keras atau mengalami kerusakan lainnya, periksakan kondisi baterai untuk memastikan tidak ada kerusakan internal.

6. Gunakan Power Bank yang Berkualitas
Power bank telah menjadi aksesori yang umum digunakan oleh banyak orang untuk mengisi daya ponsel saat bepergian. Namun, tidak semua power bank memiliki standar keamanan yang baik. Menggunakan power bank yang tidak berkualitas atau yang memberikan arus listrik yang tidak stabil dapat merusak baterai dan meningkatkan risiko overheating bahkan ledakan. Saat memilih power bank, pastikan Anda memilih produk yang telah teruji kualitasnya dan memiliki sertifikasi keamanan. Power bank dengan fitur proteksi seperti pemutus arus otomatis ketika baterai penuh adalah pilihan terbaik.

7. Perbarui Sistem Operasi Secara Berkala
Perusahaan ponsel secara rutin merilis pembaruan sistem operasi yang tidak hanya membawa fitur baru, tetapi juga memperbaiki masalah teknis yang mungkin memengaruhi performa ponsel, termasuk manajemen daya baterai. Pembaruan ini juga bisa memperbaiki bug atau celah keamanan yang mungkin berisiko menyebabkan overheating atau kerusakan baterai. Pastikan ponsel Anda selalu menggunakan versi sistem operasi terbaru untuk memastikan baterai dan seluruh komponen lainnya berfungsi dengan optimal dan aman. Pembaruan ini juga membantu mengurangi beban pada baterai dan mencegah terjadinya masalah yang tidak diinginkan.

Menjaga baterai HP agar tetap aman dan tidak berisiko meledak merupakan langkah penting yang harus diperhatikan oleh setiap pengguna ponsel. Dengan menerapkan tujuh cara ampuh yang telah dijelaskan di atas, Anda dapat mencegah masalah yang bisa berakibat fatal. Mulai dari penggunaan charger asli, tidak menggunakan ponsel saat mengisi daya, hingga menghindari overcharging adalah langkah-langkah sederhana yang bisa membuat perbedaan besar dalam menjaga keamanan baterai. Ingatlah bahwa baterai HP merupakan komponen yang sangat sensitif terhadap perubahan suhu, kualitas pengisian daya, dan kondisi fisik. 
Oleh karena itu, selalu perhatikan suhu ponsel Anda, gunakan aksesori yang berkualitas, dan ganti segera jika ada tanda-tanda kerusakan pada baterai. Dengan melakukan perawatan yang benar dan mengikuti panduan ini, risiko baterai meledak dapat diminimalisir. Penting bagi kita untuk selalu waspada dan peduli terhadap kondisi ponsel, tidak hanya demi keawetan perangkat, tetapi juga demi keselamatan diri sendiri dan orang-orang di sekitar. Baterai HP yang aman tidak hanya meningkatkan performa ponsel, tetapi juga memberikan ketenangan dalam menggunakan teknologi sehari-hari.
",https://assets.kompasiana.com/items/album/2024/10/23/pexels-lastly-719399-6718dc43ed64150b51363ad2.jpg?t=o&v=770,https://www.kompasiana.com/7-cara-ampuh-menghindari-baterai-hp-meledak
Samsung umumkan prosesor Exynos 1580 dengan CPU dan GPU ditingkatkan,"Samsung mengumumkan peluncuran prosesor mid-range terbaru mereka, Exynos 1580, yang diklaim menawarkan peningkatan performa signifikan dibandingkan pendahulunya, Exynos 1480. Prosesor ini dibangun menggunakan proses manufaktur 4 nanometer (nm) EUV FinFET ketiga generasi Samsung, yang memberikan efisiensi daya yang lebih baik dan performa yang lebih tinggi.

GPU dari Exynos 1580 juga ditingkatkan dengan arsitektur RDNA 3 dari AMD, yang menawarkan dua kali jumlah Work Group Processors (WGP) dibandingkan dengan pendahulunya. Ini memberikan kenaikan performa puncak sebesar 37% dan peningkatan sebesar 20% pada tingkat daya yang sama. Selain itu, GPU ini juga meningkatkan kapasitas cache GL2 untuk meningkatkan performa grafis.

Prosesor tersebut juga dilengkapi dengan Neural Processing Unit (NPU) yang menawarkan performa 14,7 TOPS, meningkat dari 4,9 TOPS pada model sebelumnya. Meskipun tidak ada perbedaan besar dalam arsitektur antara NPU Exynos 1480 dan 1580, kapasitas cache NPU yang lebih besar pada Exynos 1580 meningkatkan efisiensi pemrosesan AI untuk aplikasi yang memerlukan daya.

Untuk konektivitas, Exynos 1580 mendukung 5G (baik sub-6GHz maupun mmWave), Wi-Fi 6E, dan Bluetooth 5.4. Chip ini juga mendukung layar dengan resolusi hingga 1080p+ pada refresh rate 144 Hz dan kamera hingga 200 MP untuk sensor tunggal atau dua sensor 32 MP pada kecepatan 30 fps.

Peluncuran Exynos 1580 menandakan langkah besar bagi Samsung dalam meningkatkan performa dan efisiensi prosesor mid-range mereka. Dengan peningkatan arsitektur CPU dan GPU, serta dukungan konektivitas yang lebih baik, prosesor ini diharapkan akan menjadi pendorong utama untuk perangkat berikutnya dari Samsung, seperti Galaxy A56. Meskipun chip ini tidak memiliki decoder AV1 yang umum pada prosesor endekatif, peningkatan performa dan efisiensi yang ditawarkan oleh Exynos 1580 tetap menjadi nilai tambah yang signifikan.",https://img.tek.id/img/content/2024/10/25/70029/samsung-umumkan-prosesor-exynos-1580-dengan-cpu-dan-gpu-ditingkatkan-59J7ySEtTR.jpg,https://www.tek.id/gadget/samsung-umumkan-exynos-1580-dengan-cpu-dan-gpu-ditingkatkan-b2kGf9sPb
Xiaomi mencetak sejarah dengan chip ponsel 3nm pertama di Tiongkok,"Xiaomi mengumumkan pencapaian penting dalam pengembangan teknologi dengan merilis chipset smartphone pertama di Tiongkok yang menggunakan teknologi 3 nanometer (nm). Proses ""pengembangan mandiri"" ini menandakan bahwa desain chip telah selesai dan siap dikirim ke pabrik untuk diproduksi. Teknologi 3nm dianggap sebagai salah satu inovasi terbesar dalam industri semikonduktor, yang memungkinkan peningkatan performa dan efisiensi daya secara signifikan.

Dilansir dari Gizmochina (21/10), Xiaomi telah mencapai tahap akhir dalam pengembangan chip ini. Meskipun detail spesifikasi CPU dan GPU belum diumumkan, ini menunjukkan bahwa Xiaomi telah menyelesaikan tahap desain dan chipnya kini siap untuk diproduksi. Namun, chip ini belum siap untuk produksi massal atau digunakan langsung dalam perangkat smartphone. Langkah ini menandai tonggak penting bagi Xiaomi dalam mengembangkan teknologi canggih di tengah persaingan yang ketat.

Pengumuman ini datang dari Kepala Ekonom Biro Ekonomi dan Teknologi Informasi Kota Beijing di jaringan televisi milik pemerintah, BRTV. Xiaomi telah mengembangkan berbagai chip sebelumnya untuk pengisian daya, manajemen baterai, dan pemrosesan sinyal gambar dalam seri Surge G, P, dan C. Misalnya, Xiaomi 14 Ultra menggunakan chip Surge P2 dan G1 untuk meningkatkan efisiensi pengisian daya serta memperpanjang masa pakai baterai. Ini menunjukkan dedikasi Xiaomi untuk terus berinovasi dan meningkatkan teknologi mereka.

Pengembangan chipset 3nm ini menandakan langkah besar bagi Xiaomi dalam menghadapi tantangan teknologi dan meningkatkan performa perangkat mereka. Namun, masih perlu waktu untuk menguji chip tersebut setelah diproduksi oleh pabrikan seperti TSMC atau Samsung. Jika hasil awal menunjukkan masalah, Xiaomi mungkin perlu menyesuaikan desain atau proses produksi untuk meningkatkan kualitas chipset. Proses ini penting untuk memastikan bahwa chip tersebut memenuhi standar kualitas tinggi sebelum diluncurkan ke pasar.

Dengan teknologi 3nm, diharapkan chipset ini dapat memberikan performa yang lebih tinggi dan efisiensi daya yang lebih baik, yang akan memberikan keunggulan kompetitif bagi Xiaomi di pasar smartphone global. Teknologi ini juga diharapkan dapat mendukung aplikasi yang lebih kompleks dan kinerja yang lebih cepat, memberikan pengalaman pengguna yang lebih baik. Namun, tantangan seperti regulasi perdagangan dan persaingan industri masih harus dihadapi oleh Xiaomi dalam menghadirkan produk ini ke pasar.

Xiaomi juga harus mempertimbangkan dampak dari regulasi perdagangan internasional yang dapat mempengaruhi produksi dan distribusi chip mereka. Sanksi dan hambatan perdagangan lainnya bisa menjadi tantangan besar dalam upaya Xiaomi untuk mendominasi pasar global dengan teknologi baru mereka. Kerjasama dengan pabrikan semikonduktor terkemuka dan pengembangan strategi mitigasi risiko menjadi krusial dalam menghadapi tantangan ini.

Secara keseluruhan, langkah Xiaomi dalam mengembangkan chipset 3nm menunjukkan komitmen mereka untuk berada di garis depan inovasi teknologi. Keberhasilan ini bukan hanya meningkatkan posisi kompetitif Xiaomi, tetapi juga menunjukkan potensi besar industri teknologi Tiongkok dalam menghadapi persaingan global.
",https://img.tek.id/img/content/2024/10/21/69987/xiaomi-mencetak-sejarah-dengan-chip-ponsel-3nm-pertama-di-tiongkok-EgLFxcdRtZ.jpg,https://www.tek.id/gadget/xiaomi-mencetak-sejarah-dengan-chip-3nm-pertama-di-tiongkok-b2kGb9sOu
"Qualcomm umumkan Snapdragon 8 Elite, tantangan baru bagi Dimensity 9400","Qualcomm akhirnya secara resmi mengungkapkan Snapdragon 8 Elite, chipset flagship terbaru mereka yang dirancang untuk menggerakkan ponsel Android generasi terbaru. Snapdragon 8 Elite menandai awal baru bagi SoC (System on Chip) Qualcomm, dengan penggunaan CPU Oryon mereka sendiri dan pembaruan pada skema penamaan untuk selaras dengan chip X Elite berbasis ARM yang digunakan dalam laptop high-end.

Dilansir dari Gizmochina (22/10), Snapdragon 8 Elite adalah pertama kalinya Qualcomm menggunakan desain all-big core pada chipset ponsel mereka, menjadikannya setara dengan saingannya, MediaTek, yang juga menggunakan desain serupa. Chip ini memiliki prosesor 8 core dengan 2 core utama (prime cores) yang dibicarakan hingga 4,32 GHz dan 6 core performa yang mencapai hingga 3,53 GHz. Dukungan untuk cache industri LPDDR5X 24 MB dan proses manufaktur TSMC 3nm memastikan dasar yang kuat untuk tugas-tugas yang memerlukan performa tinggi.

Qualcomm mengklaim peningkatan performa CPU sebesar 45% dan peningkatan efisiensi daya sebesar 44% dibandingkan dengan pendahulunya. Para gamer akan tertarik dengan GPU Adreno yang telah diperbarui, yang memberikan peningkatan performa sebesar 40% serta efisiensi daya dan performa ray tracing yang lebih cepat sebesar 35%. Qualcomm juga menyebutkan bahwa efisiensi ini dapat memperpanjang sesi bermain hingga 2,5 jam.

Sementara itu, kecerdasan buatan (AI) tetap menjadi fokus utama Qualcomm, dan Snapdragon 8 Elite tidak mengalihkan perhatian dari hal ini. Neural processing unit (NPU) Hexagon baru menawarkan peningkatan kecepatan pemrosesan AI sebesar 45% sambil mempertahankan performa per watt yang luar biasa.

Chip tersebut juga mendukung AI Engine Qualcomm dengan dukungan multimodal Gen AI, memungkinkan eksekusi model AI besar dan kecil. Untuk penggemar fotografi, Snapdragon 8 Elite menggantikan ISP Spectra lawas dengan ISP AI baru yang bekerja bersama dengan Hexagon NPU untuk menyesuaikan data kamera secara real-time pada resolusi 4K/60 fps.

Dalam hal konektivitas, Snapdragon 8 Elite dilengkapi dengan modem Snapdragon X80 5G yang mendukung agregasi downlink 6x dan ekstensi mmWave berbasis AI. Qualcomm mengklaim kecepatan download puncak sebesar 10 Gbps dan kecepatan teoritis maksimum yang luar biasa.

Secara keseluruhan, dengan desain all-big core, peningkatan performa dan efisiensi, serta dukungan AI dan konektivitas canggih, Snapdragon 8 Elite menawarkan performa mobile yang luar biasa dan siap bersaing dengan Dimensity 9400 buatan MediaTek. Qualcomm berharap chipset ini akan menjadi pilihan utama bagi produsen ponsel untuk menghadirkan pengalaman pengguna yang lebih cepat dan efisien.
",https://img.tek.id/img/content/2024/10/22/69997/qualcomm-umumkan-snapdragon-8-elite-tantangan-baru-bagi-dimensity-9400-Lgo9vqDVK4.jpg,https://www.tek.id/tek/qualcomm-umumkan-snapdragon-8-elite-b2kGc9sO4
"Oppo Find X8 Series Resmi Meluncur dengan Kamera Gahar, Siap Rilis di Indonesia","Oppo resmi mengumumkan kehadiran HP flagship terbarunya yakni Find X8 dan Find X8 Pro dalam event yang digelar di China. Keduanya menawarkan spesifikasi yang mumpuni, terutama dari sisi fotografi.Mengutip informasi dari GSM Arena, Jumat (25/10/2024), Oppo Find X8 hadir dengan layar datar OLED LTPO berukuran 6,59 inci. Layar ini memiliki resolusi FHD+ dan refresh rate hingga 120Hz.

Sementara Find X8 Pro menawarkan ukuran layar lebih besar yakni 6,78 inci, tapi memiliki resolusi dan refresh rate yang sama dengan varian biasa. Kedua panel layar Oppo Find X8 Series memiliki tingkat kecerahan optimal hingga 1.600 nits. Di bagian depan layar, Oppo membenamkan kamera depan 32MP dan pemindai sidik jari optikal.

Beralih ke fotografi, Find X8 hadir dengan lensa utama 50MP yang memakai sensor Sony LYT-7000 dan OIS. Lensa itu dipadukan dengan lensa ultrawide 50MP dan lensa periscope 3x yang memakai sensor Sony IMX882.

Sementara Find X8 Pro menawarkan lensa utama 50MP dengan sensor Sony LYT-808, lensa periscope 50MP 6x, serta lensa lain yang masih sama dengan versi reguler.Oppo Find X8 Series juga dibekali dengan Oppo HyperTone. Teknologi ini menggabungkan 9 bingkai RAW ke dalam setiap foto untuk menghasilkan gambar yang jernih dan memiliki dynamic range yang apik, serta mengurangi noise.

Yang menarik, Oppo turut menyematkan tombol kamera khusus di Find X8 Pro. Diberi nama Quick Button, tombol ini berfungsi sebagai akses cepat ke aplikasi kamera, termasuk menjadi shutter kamera.Find X8 Series menjadi HP Oppo pertama yang meluncur dengan chipset Dimensity 9400. Chipset tersebut dipasangkan dengan sistem pendingin baru yang terdiri dari graphite layer, vapor chamber, serta thermal conductive gell.

Kedua smartphone ini sudah menjalankan ColorOS 15 yang menawarkan beragam fitur AI di dalamnya. Sebagai penopang performanya, Find X8 dibekali baterai berkapasitas 5.630mAh dan Find X8 Pro memiliki baterai 5.910mAh.Kedua HP Oppo terbaru itu sudah mendukung fast charging 80W dengan kabel dan 50W wireless charging. Sebagai perlindungan tambahan, lini Oppo Find X8 telah mendapatkan sertifikasi IP69.

Saat ini, kedua smartphone memang baru diperkenalkan secara resmi di China. Namun dalam waktu dekat, lini Oppo Find X8 juga dipastikan akan menyambangi pasar Indonesia.Sebelumnya, Oppo Indonesia telah mengonfirmasi kehadiran HP flagship terbaru besutan mereka di Tanah Air yakni Oppo Find X8 Series.

Kepastian ini disebut merupakan jawaban untuk penantian konsumen pada Oppo Find X yang telah absen di Indonesia selama dua tahun.Kepastian Oppo Find X8 Series ditunjukkan dengan sudah terdaftarnya perangkat itu di situs sertifikasi Postel, serta sudah berhasil lolos uji TKDN dengan nilai 36,65 persen.

Ada dua nomor model yang sudah didaftarkan Oppo Indonesia yakni CPH2651 dan CPH2659. Masing-masing telah dipastikan sebagai Oppo Find X8 dan Oppo Find X8 Pro.""Kami sangat senang membawa kembali flagship Find X Series ke Indonesia. Setelah dua tahun absen, Oppo Find X8 Series kami yakin akan memenuhi ekspektasi dengan performa, kamera, dan inovasi terbaik,"" tutur Chief Marketing Officer Oppo Indonesia Patrick Owen dalam keterangan resmi yang diterima, Jumat (18/10/2024).",https://static.promediateknologi.id/crop/0x0:0x0/0x0/webp/photo/p2/84/2024/10/16/New-Project-2024-10-16T211530279-3305276062.png,https://www.liputan6.com/tekno/read/5759742/oppo-find-x8-series-resmi-meluncur-dengan-kamera-gahar-siap-rilis-di-indonesia?page=4
"Tablet Samsung Galaxy Tab A9 Kids Turun Harga, Dapat Aksesori Ramah Anak","Tablet edisi khusus anak-anak dari Galaxy Tab A9 series, bernama Galaxy Tab A9 Kids Edition turun harga.  Dalam keterangan tertulis yang diterima KompasTekno, Jumat (25/10/2024), Samsung mengumumkan bahwa harga tablet Galaxy Tab A9 Kids Edition terbaru adalah Rp 2.999.000 (4/64 GB). Harga tersebut lebih murah sekitar Rp 300.000 dibandingkan dengan harga perilisan pada Desember 2023 lalu yang sebesar Rp 3.299.000. Dengan harga Rp 3 juta, pengguna juga sudah akan mendapatkan travel adapter charger 25 watt. Selain itu, Galaxy Tab A9 Kids Edition juga di-bundle dengan aksesoris ramah anak seperti Kids Puffy Case, Crayon Stylus, dan stiker dengan karakter lucu.

Di sektor hardware, Galaxy Tab A9 Kids Edition ditenagai chipset Octa-core 2,2 GHz, dipadukan dengan RAM 4 GB dan penyimpanan media 64 GB. Ada slot microSD hingga 1 TB untuk mengekspansi storage. Untuk layar, tablet ini punya layar 8,7 inci yang didukung stylus khusus anak. Fitur lain yang dibawa tablet untuk anak-anak ini meliputi sistem operasi Android, baterai 5.100 mAh, jaringan 4G, USB-C, audio jack 3.5mm, Bluetooth 5.3, 802.11 a/b/g/n/ac, adapter charger 15 watt. Di atas kertas, Galaxy Tab A9 Kids Edition memiliki dimensi panjang 211 mm, lebar 124,7 mm, ketebalan 8 mm dengan bobot 333 gram.

Tablet Galaxy Tab A9 Kids Edition pun membawa beragam fitur agar tablet aman digunakan anak-anak belajar, bereksplorasi, dan berkreasi. Misalnya, dengan adanya aplikasi bawaan Samsung Kids. Aplikasi Samsung Kids ini memungkinkan orang tua membuat profil untuk setiap anak dan mempersonalisasi pengaturan mereka. Pengaturannya meliputi batas waktu pemakaian perangkat tertentu, membatasi akses ke aplikasi tertentu, dan memantau aktivitas online. Misalnya, orangtua dapat memastikan anak mereka hanya bermain game selama satu jam atau memblokir akses ke situs media sosial. Menurut Samsung, kontrol ini membantu orangtua menjaga keseimbangan yang sehat antara aktivitas digital dan offline anak mereka, sekaligus melindungi mereka dari mengakses konten yang tidak pantas.

Selain itu, aplikasi Samsung Kids disebut juga menyediakan pengalaman penjelajahan aman bawaan dan toko aplikasi yang dikurasi. Dengan ini, anak-anak bisa menjelajahi internet dengan aman dengan konten sesuai usia yang diperiksa oleh orang tua dan pendidik. Aplikasi Samsung Kids menawarkan beragam konten menarik, termasuk permainan edukatif dan cerita interaktif.

Tak hanya itu, orangtua dapat lebih meningkatkan pengalaman belajar anak mereka dengan menyesuaikan antarmuka aplikasi, menambahkan aplikasi yang disesuaikan dengan minat atau keterampilan anak. Dengan Samsung Tab A9 Kids Edition, orang tua bahkan dapat mempersonalisasi latar belakang aplikasi dengan warna atau foto favorit anak mereka dari galeri.
",https://asset.kompas.com/crops/SU5hnpLGIyb4-vJPCIf8GviIFPM=/215x99:1408x895/750x500/data/photo/2024/10/24/6719cda9d2d41.jpeg,https://tekno.kompas.com/read/2024/10/25/16210087/tablet-samsung-galaxy-tab-a9-kids-turun-harga-dapat-aksesori-ramah-anak
Cara Mengaktifkan Ketuk Layar 2 Kali di HP Samsung dengan Mudah dan Praktis,"Pengguna kiranya perlu mengetahui beberapa panduan yang dapat memudahkan penggunaan HP Samsung. Salah satu panduan itu seperti cara mengaktifkan ketuk layar 2 kali di Samsung. Cara mengaktifkan ketuk layar 2 kali di Samsung ini bakal semakin memudahkan pengguna untuk menghidupkan layar HP Samsung. Untuk menghidupkan layar HP Samsung, cara umumnya adalah dengan menekan tombol power.

Selain itu, pengguna sejatinya bisa juga ketuk 2 kali untuk menghidupkan layar Samsung. Dengan ketuk 2 kali untuk menghidupkan layar Samsung, pengguna tak perlu repot-repot buat menekan tombol power. Lantaran bakal memudahkan, pengguna penting buat mengetahui cara menghidupkan HP Samsung dengan ketuk layar 2 kali. Lantas, bagaimana cara mengaktifkan ketuk layar 2 kali di Samsung? Jika tertarik untuk mengetahui lebih lanjut, silakan simak penjelasan di bawah ini mengenai cara menghidupkan HP Samsung dengan ketuk layar 2 kali.

Cara menghidupkan HP Samsung dengan ketuk layar 2 kali itu pada dasarnya cukup mudah. Dalam cara mengaktifkan ketuk layar 2 kali di Samsung, pengguna tak perlu menggunakan aplikasi tambahan. Cara mengaktifkan ketuk layar 2 kali di Samsung bisa dilakukan dengan memanfaatkan fitur bawaan. Tindakan ketuk 2 kali untuk menghidupkan layar Samsung bisa diatur melalui menu pengaturan perangkat.

Dikutip dari laman resmi Samsung, adapun penjelasan yang lebih detail mengenai cara mengaktifkan ketuk layar 2 kali di Samsung adalah sebagai berikut: Buka menu pengaturan di HP Samsung. Selanjutnya, pilih menu pengaturan “Advanced Features”. Kemudian, pilih opsi “Motions and gestures”. Setelah itu, aktifkan opsi “Double tap to turn on screen” atau “Ketuk 2 kali untuk menghidupkan layar”. Setelah opsi itu aktif, pengguna bisa mengetuk layar 2 kali untuk menghidupkan layar HP Samsung yang mati.

Sebagaimana tertera pada gambar di atas, pengguna disajikan opsi untuk mematikan layar dengan mengetuk dua kali layar HP Samsung. Jika opsi ini diaktifkan, pengguna bisa mengetuk layar 2 kali di layar Home untuk mematikan HP Samsung. Demikianlah penjelasan mengenai cara mengaktifkan ketuk layar 2 kali di Samsung dengan mudah dan praktis, semoga bermanfaat.
",https://asset.kompas.com/crops/Nqxehe59joCmPLxdKzMQK9WfwyI=/127x0:1463x891/750x500/data/photo/2024/01/07/659a1f244211e.png,https://tekno.kompas.com/read/2024/10/25/12350067/cara-mengaktifkan-ketuk-layar-2-kali-di-hp-samsung-dengan-mudah-dan-praktis
"Smartphone Huawei Nova 13 dan Nova 13 Pro Dirilis, Bawa Kamera 50 MP
","Raksasa teknologi asal China, Huawei, meluncurkan dua smartphone terbarunya yaitu Huawei Nova 13 dan Nova 13 Pro di China, Selasa (22/10/2024). Huawei Nova 13 Pro diposisikan sebagai model dengan spesifikasi yang paling mumpuni, sedangkan Huawei Nova 13 punya spesifikasi yang sedikit lebih rendah. Kedua ponsel ini membawa perbedaan di sektor layar, kamera belakang, kamera selfie, dimensi, dan sertifikasi ketahanan air dan debu. Untuk layar, Huawei Nova 13 Pro mengusung panel LTPO OLED 6,76 inci dengan resolusi 2.776 x 1.224 piksel, refresh rate adaptif 120 Hz, touch sampling rate 300 Hz, PWM dimming 2.160 Hz, serta pemindai sidik jari (fingerprint) di bawah layar (under-display).

Sementara itu, Huawei Nova 13 model ""reguler"" mengusung panel OLED 6,7 inci dengan resolusi 2.412 x 1.084 piksel, refresh rate 120 Hz, touch sampling rate 300 Hz, PWM dimming 1.440 Hz, dan fingerprint di bawah layar.

Konfigurasi kamera belakang Huawei Nova 13 Pro mencakup kamera utama 50 MP (f/1.4 hingga 4.0, penstabil gambar OIS), kamera telefoto 12 MP (f/2.4, OIS), dan kamera ultra wide 8 MP (f/2.2, bidang pandang 112 derajat, Autofocus). Kamera ini diposisikan secara vertikal dalam modul menyerupai pil berwarna hitam. Di sisi lain, Huawei Nova 13 dibekali kamera utama 50 MP (f/1.9) dan kamera ultra wide 8 MP (f/2.2, bidang pandang 112 derajat, Autofocus). Duo kamera ini juga dimuat dalam modul pil, tetapi warna modul ini disesuaikan dengan warna smartphone, bukan berwarna hitam.

Untuk kamera depan, Huawei Nova 13 Pro membawa kamera telefoto 8 MP (f/2.2, Autofocus, zoom optik 2x) dan kamera ultra wide 60 MP (f/2.4, bidang pandang 100 derajat, Autofocus). Huawei Nova 13 ""reguler"" dilengkapi kamera 60 MP yang sama seperti model Pro, tanpa kamera telefoto 8 MP. Adapun kamera selfie kedua gawai ini diletakkan dalam modul lubang alias punch hole. Dimensi Huawei Nova 13 Pro lebih besar, yakni 163,4 x 74,9 x 7,8 mm dengan bobot 209 gram. Huawei Nova 13 ""reguler"" mempunyai dimensi 161,4 x 75,3 x 7 mm dengan bobot 195 gram.

Huawei Nova 13 Pro turut dibekali sertifikasi anti-air dan debu dengan rating IP65. Huawei Nova 13 juga dilengkapi sertifikasi ketahanan air dan debu, tetapi tidak ratingnya tidak dirincikan.

Spesifikasi Huawei Nova 13 dan Nova 13 Pro lainnya identik. Kedua gawai ini diotaki oleh chipset Kirin 8000, yang ditemani RAM 12 GB dan media penyimpanan (storage) 256 GB/512 GB/1 TB. Untuk daya, duo smartphone ini ditopang oleh baterai 5.000 mAh, yang didukung teknologi pengisian cepat (fast charging) Turbo berdaya 100 Watt. Huawei mengeklaim baterai ini bisa terisi 50 persen dalam 9 menit.

Sistem operasi (OS) yang dijalankan adalah HarmonyOS 4.2, bukan Android. HarmonyOS menjadi pengganti OS Android yang tak bisa lagi dipakai Huawei, karena larangan ekspor teknologi dari pemerintah Amerika Serikat.

Oleh karena itu, smartphone ini tidak dibekali layanan dan aplikasi Google (Google Mobile Services/GMS). Pengguna gawai ini tidak dapat menggunakan toko aplikasi Google Play Store, peta Google Maps, YouTube, dan layanan Google lainnya. Sebagai penggantinya, perangkat terbaru Huawei ini mengandalkan ekosistem Huawei Mobile Services (HMS), dengan toko aplikasi bernama Huawei AppGallery. Fitur pendukung lainnya mencakup Huawei Da Vinci Portrait Engine 2.0 untuk menghasilkan foto yang lebih baik, berbagai fitur kecerdasan buatan (AI) misalnya untuk menghapus objek dalam gambar, NFC, Bluetooth 5.2, dan konektivitas satelit yang hanya bisa digunakan di China. Kedua ponsel ini tersedia dalam opsi warna hitam (Black), putih (White), ungu (Purple), dan hijau (Green).
",https://asset.kompas.com/crops/TKXDEe7PgU_BhMYy-FQ99CQyCig=/69x0:1021x635/750x500/data/photo/2024/10/23/67186094c186b.png,https://tekno.kompas.com/read/2024/10/23/11030087/smartphone-huawei-nova-13-dan-nova-13-pro-dirilis-bawa-kamera-50-mp?page=2
"5 Besar Vendor Smartphone Global Kuartal III-2024 Versi Canalys, Samsung Teratas","Firma riset Canalys merilis laporan berisi daftar 5 vendor yang menguasai pasar smartphone global pada kuartal ketiga (Juli-September) 2024 ini. Menurut laporan Canalys, Samsung masih mengukuhkan diri sebagai penguasa pasar smartphone global dengan 18 persen pangsa pasar pada kuartal III-2024. Pangsa pasar ini turun 3 persen dari kuartal III-2023.  Samsung dan Apple sebenarnya memiliki pangsa pasar yang sama, yaitu 18 persen. Namun, menurut Canalys, Samsung memimpin tipis dari Apple. Kendati demikian Canalys tidak merinci jumlah unit smartphone yang dikirimkan oleh masing-masing vendor. Di posisi kedua, Apple mengamankan 18 persen market share, naik 1 persen dari pangsa pasar kuartal III-2023.

Menurut analis Canalys Runar Bjørhovde, Apple mencapai volume kuartal ketiga tertinggi pada kuartal III-2024 ini. Ini didorong oleh permintaan yang kuat untuk seri iPhone 15 dan iPhone model lama.

Di peringkat ketiga, Xiaomi mengamankan 14 persen pangsa pasar dan mempertahankan posisinya sebagai vendor smartphone di tiga besar global pada periode Juli-September 2024. Kemudian, Oppo merebut kembali posisi keempat untuk pertama kalinya tahun ini dengan pangsa pasar 9 persen, didukung oleh pertumbuhan yang kuat di India dan Amerika Latin.

Canalys mencatat, Vivo meningkatkan pengirimannya hingga dua digit untuk menguasai 9 persen pasar, sekaligus melengkapi daftar 5 besar vendor smartphone global kuartal III-2024. Secara umum, Canalys melaporkan pasar smartphone global tumbuh 5 persen secara YoY (tahun-ke-tahun) pada kuartal III-2024 ini. Ini menandai pertumbuhan kuartal keempat berturut-turut. Pertumbuhan ini didorong oleh permintaan yang kuat di negara-negara berkembang serta tren penggantian atau upgrade pertangkat di Amerika Utara, China, dan Eropa.
",https://asset.kompas.com/crops/wcZuBqAJ8JUltBlQd43HJchGIls=/94x0:1156x708/750x500/data/photo/2022/06/24/62b59cf40a431.jpg,https://tekno.kompas.com/read/2024/10/15/10310097/5-besar-vendor-smartphone-global-kuartal-iii-2024-versi-canalys-samsung-teratas
"Tablet Huawei MatePad Pro 12.2 Resmi di Indonesia, Ini Harganya","Perusahaan teknologi asal China, Huawei, merilis tablet terbarunya, Huawei MatePad Pro 12.2 Inch di Indonesia, Kamis (24/10/2024). Tablet ini dirilis secara global pada September lalu. Huawei MatePad Pro 12.2 dirancang untuk menunjang kebutuhan para profesional serta kreator konten. ""Tablet ini dirancang untuk mendukung para penggunanya, baik saat mereka mengerjakan pekerjaan yang kompleks maupun saat mereka ingin mengembangkan karya yang out-of-the-box,"" kata Huiler Fan selaku Country Head Huawei Device Indonesia dalam keterangan resmi yang diterima KompasTekno, Jumat (25/10/2024). Salah satu fitur yang diunggulkan adalah mengunggulkan layar Tandem OLED PaperMatte Display berukuran 12,2 inci.

OLED sendiri merupakan diode pemancar cahaya yang mengandung lembaran tipis fleksibel dari bahan elektroluminesensi organik, yang banyak dipakai dalam layar tampilan digital semacam ini.

Biasanya perangkat digital menggunakan selembar OLED. Huawei MatePad Pro 12.2 menumpuk (tandem) lembaran OLED, sehingga bisa menghasilkan kecerahan (brightness) yang lebih tinggi. Panel ini dapat mencapai tingkat kecerahan maksimal 2.000 nits, untuk mewujudkan efek HDR dengan rasio kontras 2.000.000:1. Alhasil, layar ini tetap nyaman digunakan meski di bawah sinar matahari yang cerah. Teknologi ini diklaim membuat Huawei MatePad Pro 12.2 sebagai layar tablet paling cerah di industri, serta lebih awet dan hemat daya dibandingkan layar OLED pada umumnya. Tablet terbaru Huawei ini juga menggunakan teknologi PaperMatte, yang membuat layar menyimulasikan tekstur kertas dan lebih nyaman dipandang mata.

Ini cocok bagi para kreator yang senang menggunakan tablet untuk menggambar dan membuat konten lainnya. Layarnya memiliki resolusi 2.800 x 1.840 piksel, rasio layar ke bodi 92 persen, dukungan 1,07 miliar warna, gamut warna lebar P3, dan refresh rate 144 Hz. Layar ini juga didukung teknologi anti-sparkle dan nanoscale anti-etching yang disebut menghilangkan 99 persen gangguan cahaya lingkungan. Ada juga lapisan nano-optik magnetron untuk mengurangi refleksi layar, sertifikasi SGS Low Visual Fatigue 2.0 Premium Performance, TUV Rheinland Reflection-Free, serta TUV Rheinland Full Care Display 3.0 yang membuat mata tidak mudah lelah saat melihat layar.
",https://asset.kompas.com/crops/bg0s7OhwHiOCE3z8iSvpA-RTw3k=/492x0:1443x634/750x500/data/photo/2024/10/05/670092994ebb8.jpg,https://tekno.kompas.com/read/2024/10/25/09260057/tablet-huawei-matepad-pro-12.2-resmi-di-indonesia-ini-harganya
"Sudah Siap Rilis HP Lipat Tiga, Samsung?","Setelah meluncurkan Galaxy Z Fold Special Edition pada awal pekan ini, Samsung kini dilaporkan sedang mengembangkan smartphone dengan tiga lipatan layar.  Laporan ini muncul dari media teknologi ZDNet Korea. Dalam laporan itu disebutkan bahwa anak perusahaan Samsung yang bergerak di bidang layar, sudah merampungkan pengembangan komponen yang diperlukan untuk ponsel lipat tiga. Perusahaan rantai pasokan juga disebut sudah siap mendistribusikan ponsel lipat model baru itu. Kendati demikian, keputusan final terkait dirilisnya smartphone lipat tiga Samsung, akan tetap diambil oleh divisi ponsel Samsung yaitu MX (Mobile eXperience) Division.  Konon, ponsel lipat tiga itu bakal dirilis pada tahun depan, bersamaan dengan peluncuran Samsung Galaxy Z Flip generasi baru atau kemungkinan disebut Galaxy Z Flip 7. 

Smartphone lipat jenis baru ini kabarnya disiapkan demi memulihkan penjualan ponsel lipat yang kurang moncer pada tahun ini.  Samsung Galaxy Z Fold 6 dan Z Flip 6 diproyeksikan terjual hingga delapan juta unit. Jumlah itu turun dari taksiran awal perusahaan, yang memproyeksikan penjualan sekitar 10 juta unit. Penurunan itu turut berdampak terhadap pertumbuhan bisnis layar OLED Samsung Display. Samsung Display kabarnya baru-baru ini mengoreksi proyeksi pengiriman layar OLED untuk ponsel lipat sekitar 12 juta unit, turun 10 persen dari tahun sebelumnya. Bahkan awalnya perusahaan ini menetapkan target pengiriman 20 juta unit. 

Untuk itu, perusahaan asal Korea Selatan ini berupaya meningkatkan penjualan ponsel lipat dengan tiga lipatan layar pada tahun depan, dihimpun KompasTekno dari SammyGuru, Jumat (25/10/2024). Bila laporan itu akurat, maka Samsung akan menambah deret perusahaan yang mengembangkan ponsel lipat tiga seperti Huawei, Xiaomi, dan perusahaan China lainnya. Huawei bahkan sudah meluncurkan ponsel lipat tiga pada awal September 2024 lalu, yakni Mate XT. Smartphone ini sekaligus menjadi ponsel layar lipat tiga pertama di dunia.

Awal pekan ini, Samsung meluncurkan Galaxy Z Fold 6 Special Edition untuk pasar Korea Selatan. Pernagkat ini menjadi ponsel lipat pertama Samsung yang dibubuhi dengan embel-embel ""Special Edition"". Sebelumnya, beberapa model ponsel lipat Samsung sebenarnya sudah banyak memiliki edisi spesial, macam Thom Browne Edition untuk Galaxy Z Fold 5. Hanya saja, tidak ada embel-embel Special Edition seperti Galaxy Z Fold 6 sekarang.  Bila dibandingkan dengan Samsung Galaxy Z Fold 6 ""reguler"", Samsung Z Fold 6 Special Edition membawa sejumlah pembaruan, salah satunya adalah kamera utama yang ditingkatkan dari 50 MP menjadi 200 MP. 

Peningkatan kamera utama ini tentunya akan turut membuat hasil foto dan video dari kamera utama ponsel lipat ini lebih bagus, jernih, dan memiliki detail lebih tajam dari sebelumnya. Selain kamera, layar utama (Main Screen) dan layar sekunder (Cover Screen) Samsung Galaxy Z Fold 6 Special Edition kini juga sedikit lebih luas, yaitu dengan ukuran masing-masing layar mencapai 8 inci (rasio 20:18) dan 6,5 inci (rasio 21:9).  Di Samsung Galaxy Z Fold 6 biasa, Main Screen dan Cover Screen masing-masing memiliki ukuran 7,6 inci (rasio 20,9:18) dan 6,3 inci (rasio 22,1:9). 

Meski memiliki layar lebih luas, Samsung Z Fold 6 Special Edition memiliki bobot lebih ringan yaitu mencapai 236 gram, serta dimensi ketebalan yang cukup tipis yaitu mencapai 10,6 mm apabila dilipat. Versi reguler memiliki bobot 239 gram dan dimensi ketebalan 12,1 mm.  Selain kamera dan layar, kapasitas RAM di Samsung Z Fold 6 juga ditingkatkan dari 12 GB menjadi 16 GB. Untuk media penyimpanan (storage) hanya tersedia dalam satu pilihan yaitu 512 GB saja.

Terlepas dari berbagai pembaruan di atas, spesifikasi Samsung Galaxy Z Fold 6 Special Edition lainnya bisa dibilang sama persis dengan Samsung Galaxy Z Fold 6. Ponsel ini tetap ditenagai dengan chipset Qualcomm Snapdragon 8 Gen 3 for Galaxy yang dirancang khusus untuk meningkatkan performa hardware dan kinerja kecerdasan buatan (AI), khususnya AI buatan Samsung yang dijuluki Galaxy AI, sebagaimana dirangkum KompasTekno dari Gizmochina, Senin (21/10/2024).
",https://asset.kompas.com/crops/cdIGtnKcCGvj9mBm6qFKVIr0ZXo=/0x0:691x460/750x500/data/photo/2022/01/07/61d7ef2b7114f.png,https://tekno.kompas.com/read/2024/10/26/19030087/sudah-siap-rilis-hp-lipat-tiga-samsung-
"Punya Kamera Ber-AI, HP Tecno Camon 30 Premier Kok Tak Masuk Indonesia?","Tecno Camon 30 Premier merupakan salah satu smartphone terbaru Tecno yang diluncurkan di ajang Mobile World Congress (MWC) 2024 di Barcelona, Spanyol pada Februari 2024 lalu. Ini juga bertepatan dengan acara Future Lens 2024 yang akan digelar di kota Chongqing pada Kamis (5/12/2024). Acara ini akan memperkenalkan beragam teknologi fotografi terbaru yang digodok Tecno. 

Kembali lagi ke Tecno Camon 30 Premier, suksesor Camon 20 Premier tersebut untuk saat ini belum masuk ke Indonesia. Ponsel seri Camon terakhir yang dijual Tecno di Tanah Air adalah Tecno Camon 20 Premier yang diluncurkan pada Juli 2023. 

Lantas, apakah Tecno Camon 30 Premier akan dijual di pasar Indonesia? PR Manager Tecno Indonesia, Anthoni Roderick mengatakan pihaknya saat ini memutuskan untuk tidak memboyong ponsel tersebut ke Indonesia. 

""Hal ini disebabkan karena jadwal atau timeline produksi lokal yang tidak bisa mengejar dan mengimbangi alias catchup dengan timeline produksi global, dan ini tidak sesuai dengan apa yang kami harapkan,"" kata Anthoni kepada KompasTekno. ""Dengan alasan ini, kami bulat memutuskan untuk tidak membawa Tecno Camon 30 Premier ke Indonesia,"" imbuh Anthoni.  Anthoni tak menyebutkan apakah Camon Series di Indonesia akan ""punah"" atau tidak. Namun, ia meminta pengguna untuk sedikit bersabar dan menunggu informasi selanjutnya seputar seri ponsel yang identik dengan desain unik ini.  ""Harap dinantikan saja kabar-kabar selanjutnya dari smartphone Camon Series di Indonesia di masa depan,"" pungkas Anthoni.

Seperti diwartakan sebelumnya, Tecno Camon 30 Premier memiliki teknologi kamera khusus berbasis kecerdasan buatan (artificial intelligence/AI), yakni PolarAce Imaging System. Sistem pemrosesan sinyal gambar (image signal processing/ISP) ini dirancang di dalam chip Sony CXD5622GG. Tecno mengeklaim, sistem ini memiliki tingkat komputasi tinggi, namun konsumsi dayanya lebih efisien. Berkat PolarAce System, kamera diklaim mampu meminimalisasi noise saat pengambilan video HDR atau video dengan kontras besar antara warna terang dan gelap, serta merekam video 4K Ultra Night Vision secara lebih baik.

ISP ini disebut menggunakan daya yang jauh lebih sedikit ketika memproses video 4K di 30 fps, dibandingkan ISP lain. Lebih lanjut, teknologi AI di sistem pencitraan gambar ini juga meningkatkan akurasi Universal Tone. Jadi, warna kulit di hasil foto bisa lebih akurat. Selain AI, ponsel ini juga dibekali dengan fitur AIGC Portrait yang bisa dimanfaatkan pengguna untuk memodifikasi hasil gambar. Pengguna bisa menambahkan beberapa elemen di gambar, seperti pakaian formal, busana wisuda, atau gaun pengantin.

Tecno Camon 30 Premier dibekali dengan tiga kamera belakang. Kamera utama memiliki resolusi 50 MP dengan sensor Sony IMX890 serta penstabil gambar (OIS). Kemudian, ada kamera periskop 70 mm beresolusi 50 MP yang mampu melakukan pembesaran optis secara hybrid hingga 60x. Kamera tersebut juga digunakan untuk mengambil foto portrait dan makro. Terakhir, ada kamera ultrawide dengan resolusi 50 MP. Ketiga sensor tersebut disematkan di dalam sebuah modul berbentuk lingkaran. Selain trio kamera, terdapat sebuah LED Flash di dalam penampang yang sama. Beralih ke sisi depan. Tecno Camon 30 Premier dibekali layar berpanel OLED berbentang 6,77 inci dengan resolusi 1.264x2.780 piksel, dan tingkat kecerahan hingga 1.400 nits. Ada pula punch hole (lubang kamera) untuk menyematkan kamera depan beresolusi 50 MP.

Untuk desainnya, ponsel ini memiliki bingkai tengah berbahan logam untu menimbulkan kesan lebih kokoh dan premium. Di sisi punggung, terdapat ""Action Dot"", sebuah lampu kecil yang akan menyala ketika perangkat digunakan untuk merekam video, mengisi daya ponsel, dan mengaktifkan asisten suara. Ponsel ini ditenagai chip MediaTek Dimensity 8200 Ultra, yang dipadu dengan RAM 12 GB dan sotrage 512 GB. Kapasitas RAM bisa ""diperluas"" secara virtual hingga 12 GB, sehingga total kapasitasnya bisa mencapai 24 GB. Tecno Camon 30 Premier menjalankan sistem operasi Android 14 yang akan dilapisi antarmuka HIOS. Ponsel ini dibekali baterai 5.000 mAh dengan dukungan pengisian daya cepat (fast charging) 70 watt. Fitur lain yang dimiliki ponsel ini adalah Wi-Fi, Bluetooth, IR Blaster, FM Radio, dan stereo speaker Dolby Atmos.",https://asset.kompas.com/crops/5yBealBOdBey3iCXa7QPXumIztU=/0x0:2304x1536/1200x800/data/photo/2024/12/04/67508a1d0d7d4.jpg,https://tekno.kompas.com/read/2024/12/05/13030057/punya-kamera-ber-ai-hp-tecno-camon-30-premier-kok-tak-masuk-indonesia-?page=2
Tablet Tecno Megapad 11 Meluncur dengan Chip Helio G99,"Vendor smartphone Tecno merilis tablet baru, disebut Megapad 11. Perangkat ini sudah muncul di situs resmi perusahaan di bawah naungan grup Transsion tersebut. Mengacu penamaannya, Tecno Megapad 11 boleh jadi suksesor dari Megapad 10. Padahal, Megapad 10 baru diluncurkan pada Oktober 2024 lalu. Dibanding Megapad 10, Megapad 11 dibekali spesifikasi yang lebih mumpuni. Contohnya pada aspek hardware, karena Megapad 11 ditenagai chipset MediaTek Helio G99.  Chip tersebut dirancang dengan fabrikasi 6 nanometer (nm) dan memiliki CPU dengan clockspeed sampai 2.2 GHz. 

Tecno Megapad 10 juga ditenagai System on Chip (SoC) MediaTek, tetapi versi Helio G80. Chip ini didesain dengan fabrikasi 12 nm dan memiliki CPU dengan clockspeed sampai 2.0 GHz saja.

Tecno Megapad 11 hadir dengan layar IPS LCD 11 inci, resolusi Full HD Plus, refresh rate 90 Hz. Ukuran layarnya lebih besar dan fiturnya lebih mumpuni dibanding Megapad 10 yang dibekali layar 10,1 inci resolusi HD Plus.

Tablet ini memiliki bezel layar yang cukup tebal di keempat sisinya. Sementara punggungnya memiliki penampang metal dengan dua desain yang agak berbeda. Satu sisinya seolah memiliki beberapa garis, ditemani dengan penamaan merek Tecno dan modul kamera persegi. Modul itu menampung satu kamera kamera beresolusi 13 MP, disertai lampu LED flash. Resolusinya sama seperti pendahulunya. Akan tetapi, tablet Megapad 11 dibekali resolusi kamera depan yang lebih besar, yaitu 8 MP. Semengtara Megapad 10 hanya 5 MP.

Seperti dijelaskan di atas, tablet ini ditenagai chip Helio G99. Chip ini dipadukan dengan dua opsi RAM dan penyimpanan, yaitu 8/128 GB dan 8/256 GB. Tablet Tecno ini juga dibekali baterai 8.000 mAh, lebih besar dari Megapad 10 7.000 mAh. Pengisian ulangnya didukung fast charging 18 watt.

Tecno Megapad 11 berjalan dengan sistem operasi Android 14 dan dilengkapi sejumlah fitur berbasis kecerdasan buatan (AI) seperti AI Trsnalation untuk membantu menerjemahkan lebih dari 50 bahasa, AI Text Concierge untuk merangkum dokumen hingga AI Call Noise Cancellation agar kualitas panggilan lebih jernih, dan lain sebagainya.

Tecno Megapad 11 juga memiliki fitur lainnya termasuk empat speaker berteknologi Dolby Atmos, WiFi, Bluetooth 5.2 hingga jaringan 4G. Tablet ini hadir dalam dua opsi warna yaitu Vitality Green dan Starfall Grey, dihimpun KompasTekno dari situs web Tecno global, Jumat (6/12/2024). Sayangnya Tecno belu mengungkap harga maupun ketersediaan tablet ini. Kita tunggu saja.",https://asset.kompas.com/crops/qGy7Em2KZhnfLs4sJ7aLJIpq9JM=/0x0:967x645/1200x800/data/photo/2024/12/05/67514ae00317f.jpg,https://tekno.kompas.com/read/2024/12/06/07020017/tablet-tecno-megapad-11-meluncur-dengan-chip-helio-g99
"Smartphone Honor X9c Smart Resmi, Punya Baterai 5.800 mAh","Vendor smartphone Honor meluncurkan ponsel Honor X9c Smart pada Senin (2/12/2024) di Malaysia. Jika melihat spesifikasinya, ponsel ini masuk dalam kategori kelas menengah. Honor X9c Smart memiliki layar fullHD Plus dengan bentang 6,8 inci (2.412 x 1.080 piksel). Layar ini mendukung kecepatan refresh 120Hz dan kecerahan puncak 850 nits. Di bagian atas layar terdapat sebuah punch hole yang menampung kamera depan 16 MP. Honor X9c Smart memiliki fitur Magic Capsule, yaitu notifikasi yang mirip dengan fitur Dynamic Island di iPhone.

Bicara kamera, Honor X9c Smart dibekali dua kamera belakang, yaitu kamera utama 108 MP dengan aperture f/1.75 dan zoom lossless 3x, serta satu kamera ultrawide 5 MP.  Untuk jeroan, ponsel ini ditenagai oleh MediaTek Dimensity 7025 Ultra yang dipasangkan dengan RAM 8 GB dan penyimpanan internal 256 GB. Ponsel ini menjalankan sistem operasi Android 14 yang dipoles antarmuka MagicOS 8.0.

Honor X9c Smart ditopang baterai besar berkapasitas 5.800 mAh dengan dukungan pengisian 35W.  Untuk fitur lainnya, Honor X9c Smart dibekali konektivitas Bluetooth 5.3, OTG, NFC, GPS, dan port USB Type-C. 

Ponsel ini diklaim memiliki rangka anti gores yang dapat bertahan hingga 3.000 kali gesekan.  Ponsel ini berukuran 165,98 x 75,8 x 7,88 mm dan berat 193 gram ini juga mendapat sertifikasi IP65 untuk ketahanan terhadap debu dan air.  Honor belum mengumumkan rincian harga Honor X9c Smart ini. Ponsel ini ditawarkan dalam warna Moonlight White dan Ocean Cyan, sebagaimana dirangkum KompasTekno dari GSM Arena, Selasa (3/12/2024).",https://asset.kompas.com/crops/9a7gKbEHO2QUsO_tn9pesfq1abo=/56x0:1144x725/1200x800/data/photo/2024/12/03/674e739f10a94.jpg,https://tekno.kompas.com/read/2024/12/03/15060067/smartphone-honor-x9c-smart-resmi-punya-baterai-5.800-mah
"Lava Yuva 4 Meluncur, HP Murah dengan Layar 90 Hz","Lava Mobile, pabrikan smartphone asal India, merilis ponsel entry-level anyarnya, Lava Yuva 4, pada Kamis (28/11/2024). Ponsel ini adalah penerus Lava Yuva 3. Smartphone di level entry-level, biasanya dibanderol dengan harga murah, begitu pula dengan Lava Yuva 4. Di India, Lava Yuva 4 dijual dengan harga 6.999 Rupee India (sekitar Rp1,3 juta). Meskipun murah, Lava Yuva 4 dibekali layar dengan refresh rate hingga 90 Hz. Umumnya, smartphone di kelas harga yang sama hanya mendukung refresh rate di angka 60 Hz. Refresh rate merupakan jumlah gambar yang diperbarui oleh layar dalam setiap detiknya, ini diukur dalam satuan Hertz (Hz).

Tampilan layar dengan refresh rate tinggi, seperti 90 Hz atau bahkan 120 Hz, mampu menampilkan gerakan yang lebih halus dan responsif dibandingkan layar dengan refresh rate standar 60Hz.Refresh rate merupakan jumlah gambar yang diperbarui oleh layar dalam setiap detiknya, ini diukur dalam satuan Hertz (Hz).

Semakin tinggi refresh rate, visual yang ditampilkan di layar akan semakin lancar dan bebas lag. Dengan lag yang minim, scrolling atau menggulir layar jadi lebih mulus dan lancar. Kemampuan ini juga membuat gamer lebih lancar dalam bermain game mobile. Masih soal layar, Lava Yuva 4 memiliki layar berbentang 6,56 inci HD Plus dengan resolusi 1600 x 720 piksel. Di sisi atas, terdapat punch hole atau lubang kecil untuk menempatkan kamera selfie.

Di sektor fotografi, smartphone ini dibekali kamera utama beresolusi 50 MP yang didukung LED flash dan 8 MP untuk kamera depan. Modul kamera belakangnya memang nampak menampung tiga sensor kamera. Namun, saat ini baru diketahui konfigurasi kamera utama saja. Sementara kamera pendukung lainnya, belum ada informasi lebih rinci. Lava Yuva 4 ditenagai oleh chip Unisoc T606, yang dipadu dengan RAM 4 GB. RAM ini bisa diperluas secara virtual hingga 4 GB. Sehingga, totalnya bisa mencapai 8 GB. Yuva 4 juga tersedia dalam dua pilihan penyimpanan internal 64GB dan 128GB, yang dapat diperluas hingga 512 GB menggunakan kartu microSD. Selain itu, baterainya berkapasitas 5000 mAh, dengan pengisian daya 10W melalui port USB Type-C.

Yuva 4 dijalankan dengan sistem operasi (OS) Android 14 dan dijanjikan akan mendapat update Android 15, dirangkum dari GSM Arena, Sabtu (30/11/2024). Untuk sistem keamanan, smartphone ini dibekali pemindai sidik jari yang dipasang di samping bodi. Selain itu, Yuva 4 mendukung konektivitas modern seperti 4G VoLTE, Wi-Fi 802.11 ac, Bluetooth 5.0, serta dilengkapi dengan jack audio 3.5mm dan radio FM. Lava Yuva 4 tersedia dalam tiga pilihan warna, putih (Glossy White), ungu (Glossy Purple), dan hitam (Glossy Black). Saat ini, Lava Yuva 4 hanya tersedia di india. Di Indonesia, merek ini belum dipasarkan secara resmi.",https://asset.kompas.com/crops/4h3Kp10TPZVnxpH7QAEVSCdOhNI=/207x38:1097x632/1200x800/data/photo/2024/11/30/674a77a11edd0.jpg,https://tekno.kompas.com/read/2024/11/30/13300057/lava-yuva-4-meluncur-hp-murah-dengan-layar-90-hz
"Vivo S20 dan S20 Pro Resmi, HP Menengah RAM 16 GB dengan Baterai Jumbo","Vendor ponsel asal China, Vivo meluncurkan lini smartphone kelas menengah (mid-range) terbarunya, yakni Vivo S20 series di China, Kamis (28/11/2024). Ada dua model yang dirilis, yakni Vivo S20 dan Vivo S20 Pro. Duo ponsel ini merupakan penerus dari HP Vivo S19 dan Vivo S19 Pro yang dirilis pada akhir Mei 2024. Sebagai suksesor, Vivo S20 dan S20 Pro membawa beberapa peningkatan. Misalnya, Vivo S20 dibekali chipset yang lebih baru dan kemampuan kamera telefoto dengan zoom optis yang lebih mumpuni. Sementara, Vivo S20 versi reguler dibekali kapasitas baterai yang lebih besar, dukungan pengisian cepat (fast charging) yang lebih ngebut. 

Diposisikan sebagai model lebih tinggi, Vivo S20 Pro kini ditenagai chipset MediaTek Dimensity 9300 Plus, naik kelas dibandingkan model sebelumnya dengan Dimensity 9200 Plus.

Chipset Dimensity 9300 Plus ini dipadukan dengan RAM hingga 16 GB dan penyimpanan media hingga 512 GB. Kamera Vivo S20 Pro juga naik kelas, terutama di aspek zoom optis pada kamera telefotonya. Kini, kamera telefoto 50 MP ponsel ini mendukung zoom optis 3x (model sebelumnya hanya 2x). Kamera telefoto ini masih ditemani kamera utama 50 MP (f/1.9, OIS, sensor Sony IMX921) dan kamera ultrawide 8 MP (f/2.2). Kamera selfie-nya tetap beresolusi 50 MP.

Tiga kamera belakang Vivo S20 Pro ini ditemani lampu Auralight LED flash, ""ring light"" khas dari Vivo yang cahaya dan warnanya bisa diatur dari program kamera. Untuk desain bodi, smartphone Vivo S20 Pro masih hadir dengan layar melengkung (curved screen). Layar ini menggunakan panel AMOLED 6,67 inci, lebih kecil dari Vivo S20 yang layarnya berukuran 6,78 inci. Layar Vivo S20 Pro ini didukung resolusi Full HD Plus, refresh rate 120 Hz, tingkat kecerahan puncak 4.500 nits. Layar ini juga sudah mendukung pemindai sidik jari di bawah layar (in-display fingerprint scanner).

Masih sama seperti S19 Pro, Vivo S20 Pro ditopang baterai 5.500 mAh. Peningkatannya ada di fitur fast charging-nya yang kini naik menjadi 90W, sebelumnya mentok di angka 80W. Di atas kertas, Vivo S20 Pro punya bodi dengan ketebalan 7,43 mm dengan bobot 193 gram.

Untuk Vivo S20 reguler, ponsel ini kini dibekali kapasitas baterai 6.500 mAh, naik dari 6.000 mAh di Vivo S19. Dukungan fast chargingnya juga naik menjadi 90 watt. Baca juga: Apa Tanda Tubuh Kebanyakan Gula? Ini 9 Cirinya Sama seperti versi Pro, Vivo S20 reguler juga dibekali layar AMOLED 6,67 inci dengan resolusi Full HD Plus, refresh rate 120 Hz, tingkat kecerahan puncak 4.500 nits. Yang berbeda, layar Vivo S20 datar alias flat. Layar ini juga sudah mendukung pemindai sidik jari di bawah layar (in-display fingerprint scanner). Tak seperti varian Pro, chipset Vivo S20 reguler tak mengalami pembaruan. Ponsel ini masih diotaki chipset Qualcomm Snapdragon 7 Gen 3. Chipset ini sebelumnya juga digunakan di Vivo S18 dan Vivo S19.  Chip Snapdragon 7 Gen 3 pada Vivo S20 dipadankan dengan RAM hingga 16 GB dan penyimpanan media hingga 512 GB. Konfigurasi kamera selfie dan kamera belakang HP Vivo S20 juga tak naik kelas alias masih sama dengan Vivo S19. Untuk kamera belakang, ponsel ini hanya dibekali dua kamera, yakni kamera utama 50 MP (f/1,88, OIS) dan kamera ultrawdie 8 MP. Kamera selfie-nya beresolusi 50 MP. Seperti versi Pro, dua kamera belakang Vivo S20 ditemani lampu Auralight LED flash. Di atas kertas, Vivo S20 Pro punya bodi dengan ketebalan 7,19 mm dengan bobot 186 gram.",https://asset.kompas.com/crops/L1ehvoLN1ZgyoPGcHNUSMMQv_KQ=/226x87:1004x606/1200x800/data/photo/2024/11/29/67491f53a5033.png,https://tekno.kompas.com/read/2024/11/29/10090027/vivo-s20-dan-s20-pro-resmi-hp-menengah-ram-16-gb-dengan-baterai-jumbo?page=2
"Smartphone Realme C75 Meluncur, Pertama dengan Chip Mediatek Helio G92 Max","Realme merilis smartphone entry-level baru, yakni Realme C75. Ponsel ini dirilis di Vietnam, Selasa (26/11/2024). Realme C75 menjadi smartphone pertama yang dibekali chipset Mediatek Helio G92 Max. Informasi soal chip ini cukup minim. Melansir GSM Arena, Mediatek Helio G92 Max merupakan versi ""upgrade"" Helio G91 dengan sedikit modifikasi. Chip ini hanya mendukung konektivitas 4G.

Untuk spesifikasi Realme C75 lainnya, ponsel ini dibekali layar IPS LCD 6,72 inci dengan resolusi FHD dan refresh rate 90 Hz. Layarnya dihiasi lubang kamera alias punch hole di sisi atas. Kamera selfie itu beresolusi 8 MP. Ponsel ini juga mengantongi sertifikat IP69 untuk melindungi perangkat dari debu dan air di kedalaman hingga 1,5 meter selama maksimal 30 menit.

Bukan cuma itu. Smartphone ini juga memiliki sertifikat standar militer MIL-STD-810H yang memberikan nilai ketangguhan yang lebih. Ponsel ini juga dirancang dengan desain anti-guncangan (shockproof) yang bisa ""menyerap"" benturan sehingga meminimalisasi kerusakan perangkat. Layarnya juga dilapisi oleh ArmorShell Tempered. Di sisi punggung, terdapat tiga sensor kamera berjajar vertikal. Salah satu sensornya memiliki konfigurasi 50 MP. Tidak disebutkan spesifikasi kamera lainnya.

Di sisi software, ponsel ini menjalankan sistem operasi Realme UI 5.0 berbasis Android 14. Ponsel ini memiliki baterai berkapasitas 6.000 mAh dengan dukungan pengisian daya cepat 45W. Ada pula dukungan reverse charge, di mana ponsel bisa berfungsi sebagai ""power bank"" untuk smartphone lain lewat port USB C. Realme C75 hadir dalam dua warna, yakni Lightning Gold dan Black Storm Night. Belum ada informasi soal harga Realme C75. Kabarnya, ponsel ini akan meluncur di pasar lain, di luar Vietnam. Biasanya, Realme juga merilis C series di Indonesia. Jadi, kemungkinan ponsel ini juga akan menyambangi Tanah Air. Kita tunggu saja.
",https://asset.kompas.com/crops/OEPPmrYeMbdBmJHFIf3YxrXRi30=/0x0:1200x800/1200x800/data/photo/2024/11/28/6748032154016.jpg,https://tekno.kompas.com/read/2024/11/28/16040077/smartphone-realme-c75-meluncur-pertama-dengan-chip-mediatek-helio-g92-max
Perusahaan Pionir Ponsel Lipat Pertama di Dunia Dinyatakan Bangkrut,"Ponsel layar lipat saat ini semakin membanjiri pasar smartphone. Beberapa vendor kenamaan, seperti Huawei, Xiaomi, dan Samsung berlomba-lomba mengembangkan dan menelurkan ponsel lipat baru. Berbanding terbalik dengan beberapa merek itu, vendor ponsel lipat Royole Technologies justru dinyatakan bangkrut. Padahal, Royole dikenal sebagai pionirnya smartphone lipat. Perusahaan asal China itu meluncurkan ponsel lipat pertamanya pada tahun 2018, disebut Royole FlexPai. Sayangnya perangkat ini tidak mampu menggenjot bisnis perusahaan. Laporan dari outlet media IT Home bahkan menyebutkan bahwa Royole Technologies dinyatakan bangkrut setelah pengadilan setempat melakukan penyelidikan tentang aset dan kewajiban perusahaan.

Menurut pengumuman yang diterbitkan Pengadilan Kota Shenzhen, Royole Technologies tidak dapat melunasi utangnya. Aset milik Royole juga dinilai tidak cukup untuk melunasi utang perusahaan.

Adapun Royole Technologies didirikan pada tahun 2012. Perusahaan ini fokus pada teknologi layar lipat. Pada tahun 2018, Royole merilis ponsel lipatnya FlexPai dengan layar AMOLED 7,8 inci saat dibentangkan dan rasio aspek 4:3. 

Berbeda dari smartphone lipat kekinian, Royole FlexPai mengusung konsep lipat ke dalam, di mana satu sisinya memiliki bezel tebal untuk menampung kamera dan aneka sensor. Konsep ini mirip dengan ponsel lipat Huawei Mate X yang rilis tahun 2019.

Selain ponsel lipat, Royole juga dikenal setelah merilis layar fleksibel full-color tertipis di dunia, layar dasbor mobil melengkung pertama di dunia, hingga papan tulis pintar pertama dengan sensor fleksibel. Perusahaan yang berbasis di Shenzhen ini juga pernah bermitra dengan merek fesyen kenamaan Louis Vuitton pada tahun 2019 untuk merilis handbag yang dilengkapi dengan layar fleksibel. Sayangnya, berbagai upaya itu kurang sukses menarik minat pasar dan tak mampu menutupi kerugian yang dialami perusahaan. Bisnis ponsel lipatnya juga tersaingi oleh merek seperti Huawei dan Samsung. Oleh karena itu, aset Royole bakal dilikuidasi dalam beberapa bulan mendatang, dihimpun KompasTekno dari Android Authority, Kamis (28/11/2024).

Apabila Royole dinyatakan bangkrut, perusahaan asal China lain justru berjaya. Vendor smartphone China, Huawei menguasai pasar smartphone lipat dunia pada kuartal II-2024, berdasarkan laporan perusahaan riset TechInsights, berdasar angka pertumbuhan penjualan. Menurut laporan tersebut, pasar ponsel lipat dunia tumbuh 85 persen dari tahun-ke-tahun (year-on-year/YoY) pada kuartal II-2024. Huawei menjadi pemain paling dominan di pasar ponsel lipat global saat ini, berkat penjualan ponsel lipat (baik model sampul buku dan kerang/clamshell) yang tumbuh 229 persen sepanjang April-Juni 2024.

Sementara penjualan ponsel lipat Samsung hanya tumbuh 5 persen sepanjang kuartal yang sama. Raksasa elektronik Korea Selatan itu memiliki pijakan yang kuat di Amerika Utara, salah satu pasar ponsel pintar yang paling menguntungkan. Di posisi ketiga, ada Vivo yang dilaporkan mencetak pertumbuhan penjualan foldable phone sebesar 83 persen. Posisi lima besar dilengkapi oleh Honor dan Motorola. Keduanya dilaporkan mencetak pertumbuhan penjualan ponsel lipat, masing-masing sebesar 423 persen dan 32 persen.",https://asset.kompas.com/crops/4HU82pllU0T7Q_ylrLcxLohh-Q8=/260x100:1448x892/750x500/data/photo/2023/07/27/64c1fcb8d9659.jpeg,https://tekno.kompas.com/read/2024/11/28/07000097/perusahaan-pionir-ponsel-lipat-pertama-di-dunia-dinyatakan-bangkrut